ForecastID,ProductID,ProductName,ProductCategory,ForecastDate,ForecastPeriod,PredictedDemand,ConfidenceLevel,SeasonalMultiplier,TrendDirection,BaselineDemand,MethodUsed,ForecastHorizon,ActualDemand,AccuracyScore,CreatedBy,CreatedDate
1,1521,Adventurer Pro Backpack,General,2026-04-01,Monthly,163,90.98,1.0,Stable,171,Sales Velocity + Seasonal,30,,,system,2026-03-04 14:31:14
2,1521,Adventurer Pro Backpack,General,2026-04-01,Weekly,37,95.37,1.0,Stable,171,Sales Velocity + Seasonal,7,,,system,2026-03-04 14:31:14
3,1521,Adventurer Pro Backpack,General,2026-04-08,Weekly,37,92.02,1.0,Stable,171,Sales Velocity + Seasonal,7,,,system,2026-03-04 14:31:14
4,1521,Adventurer Pro Backpack,General,2026-04-15,Weekly,37,89.53,1.0,Stable,171,Sales Velocity + Seasonal,7,,,system,2026-03-04 14:31:14
5,1521,Adventurer Pro Backpack,General,2026-04-22,Weekly,37,88.77,1.0,Stable,171,Sales Velocity + Seasonal,7,,,system,2026-03-04 14:31:14
6,1521,Adventurer Pro Backpack,General,2026-05-01,Monthly,169,90.98,1.0,Stable,171,Sales Velocity + Seasonal,30,,,system,2026-03-04 14:31:14
7,1521,Adventurer Pro Backpack,General,2026-05-31,Monthly,169,90.98,1.0,Stable,171,Sales Velocity + Seasonal,30,,,system,2026-03-04 14:31:14
8,1531,Summit Breeze Jacket,General,2026-04-01,Monthly,284,87.89,1.0,Stable,284,Sales Velocity + Seasonal,30,,,system,2026-03-04 14:31:14
9,1531,Summit Breeze Jacket,General,2026-04-01,Weekly,66,83.02,1.0,Stable,284,Sales Velocity + Seasonal,7,,,system,2026-03-04 14:31:14
10,1531,Summit Breeze Jacket,General,2026-04-08,Weekly,66,84.42,1.0,Stable,284,Sales Velocity + Seasonal,7,,,system,2026-03-04 14:31:14
11,1531,Summit Breeze Jacket,General,2026-04-15,Weekly,66,87.44,1.0,Stable,284,Sales Velocity + Seasonal,7,,,system,2026-03-04 14:31:14
12,1531,Summit Breeze Jacket,General,2026-04-22,Weekly,66,85.49,1.0,Stable,284,Sales Velocity + Seasonal,7,,,system,2026-03-04 14:31:14
13,1531,Summit Breeze Jacket,General,2026-05-01,Monthly,276,87.89,1.0,Stable,284,Sales Velocity + Seasonal,30,,,system,2026-03-04 14:31:14
14,1531,Summit Breeze Jacket,General,2026-05-31,Monthly,272,87.89,1.0,Stable,284,Sales Velocity + Seasonal,30,,,system,2026-03-04 14:31:14
15,1541,TrekReady Hiking Boots,General,2026-04-01,Monthly,159,78.01,1.0,Stable,162,Sales Velocity + Seasonal,30,,,system,2026-03-04 14:31:14
16,1541,TrekReady Hiking Boots,General,2026-04-01,Weekly,36,73.19,1.0,Stable,162,Sales Velocity + Seasonal,7,,,system,2026-03-04 14:31:14
17,1541,TrekReady Hiking Boots,General,2026-04-08,Weekly,36,77.97,1.0,Stable,162,Sales Velocity + Seasonal,7,,,system,2026-03-04 14:31:14
18,1541,TrekReady Hiking Boots,General,2026-04-15,Weekly,36,76.86,1.0,Stable,162,Sales Velocity + Seasonal,7,,,system,2026-03-04 14:31:14
19,1541,TrekReady Hiking Boots,General,2026-04-22,Weekly,36,78.23,1.0,Stable,162,Sales Velocity + Seasonal,7,,,system,2026-03-04 14:31:14
20,1541,TrekReady Hiking Boots,General,2026-05-01,Monthly,163,78.01,1.0,Stable,162,Sales Velocity + Seasonal,30,,,system,2026-03-04 14:31:14
21,1541,TrekReady Hiking Boots,General,2026-05-31,Monthly,168,78.01,1.0,Stable,162,Sales Velocity + Seasonal,30,,,system,2026-03-04 14:31:14
22,1551,BaseCamp Folding Table,General,2026-04-01,Monthly,69,93.31,1.0,Stable,71,Sales Velocity + Seasonal,30,,,system,2026-03-04 14:31:14
23,1551,BaseCamp Folding Table,General,2026-04-01,Weekly,16,97.03,1.0,Stable,71,Sales Velocity + Seasonal,7,,,system,2026-03-04 14:31:14
24,1551,BaseCamp Folding Table,General,2026-04-08,Weekly,16,90.67,1.0,Stable,71,Sales Velocity + Seasonal,7,,,system,2026-03-04 14:31:14
25,1551,BaseCamp Folding Table,General,2026-04-15,Weekly,16,98.18,1.0,Stable,71,Sales Velocity + Seasonal,7,,,system,2026-03-04 14:31:14
26,1551,BaseCamp Folding Table,General,2026-04-22,Weekly,16,95.15,1.0,Stable,71,Sales Velocity + Seasonal,7,,,system,2026-03-04 14:31:14
27,1551,BaseCamp Folding Table,General,2026-05-01,Monthly,69,93.31,1.0,Stable,71,Sales Velocity + Seasonal,30,,,system,2026-03-04 14:31:14
28,1551,BaseCamp Folding Table,General,2026-05-31,Monthly,67,93.31,1.0,Stable,71,Sales Velocity + Seasonal,30,,,system,2026-03-04 14:31:14
29,1561,EcoFire Camping Stove,General,2026-04-01,Monthly,51,78.75,1.0,Stable,50,Sales Velocity + Seasonal,30,,,system,2026-03-04 14:31:14
30,1561,EcoFire Camping Stove,General,2026-04-01,Weekly,11,79.08,1.0,Stable,50,Sales Velocity + Seasonal,7,,,system,2026-03-04 14:31:14
31,1561,EcoFire Camping Stove,General,2026-04-08,Weekly,11,80.0,1.0,Stable,50,Sales Velocity + Seasonal,7,,,system,2026-03-04 14:31:14
32,1561,EcoFire Camping Stove,General,2026-04-15,Weekly,11,81.62,1.0,Stable,50,Sales Velocity + Seasonal,7,,,system,2026-03-04 14:31:14
33,1561,EcoFire Camping Stove,General,2026-04-22,Weekly,11,76.1,1.0,Stable,50,Sales Velocity + Seasonal,7,,,system,2026-03-04 14:31:14
34,1561,EcoFire Camping Stove,General,2026-05-01,Monthly,47,78.75,1.0,Stable,50,Sales Velocity + Seasonal,30,,,system,2026-03-04 14:31:14
35,1561,EcoFire Camping Stove,General,2026-05-31,Monthly,50,78.75,1.0,Stable,50,Sales Velocity + Seasonal,30,,,system,2026-03-04 14:31:14
36,1571,CozyNights Sleeping Bag,General,2026-04-01,Monthly,117,86.4,1.0,Stable,113,Sales Velocity + Seasonal,30,,,system,2026-03-04 14:31:14
37,1571,CozyNights Sleeping Bag,General,2026-04-01,Weekly,27,89.65,1.0,Stable,113,Sales Velocity + Seasonal,7,,,system,2026-03-04 14:31:14
38,1571,CozyNights Sleeping Bag,General,2026-04-08,Weekly,27,84.04,1.0,Stable,113,Sales Velocity + Seasonal,7,,,system,2026-03-04 14:31:14
39,1571,CozyNights Sleeping Bag,General,2026-04-15,Weekly,27,84.75,1.0,Stable,113,Sales Velocity + Seasonal,7,,,system,2026-03-04 14:31:14
40,1571,CozyNights Sleeping Bag,General,2026-04-22,Weekly,27,81.82,1.0,Stable,113,Sales Velocity + Seasonal,7,,,system,2026-03-04 14:31:14
41,1571,CozyNights Sleeping Bag,General,2026-05-01,Monthly,111,86.4,1.0,Stable,113,Sales Velocity + Seasonal,30,,,system,2026-03-04 14:31:14
42,1571,CozyNights Sleeping Bag,General,2026-05-31,Monthly,109,86.4,1.0,Stable,113,Sales Velocity + Seasonal,30,,,system,2026-03-04 14:31:14
43,1511,Alpine Explorer Tent,General,2026-04-01,Monthly,204,93.47,1.0,Stable,210,Sales Velocity + Seasonal,30,,,system,2026-03-04 14:31:14
44,1511,Alpine Explorer Tent,General,2026-04-01,Weekly,47,96.33,1.0,Stable,210,Sales Velocity + Seasonal,7,,,system,2026-03-04 14:31:14
45,1511,Alpine Explorer Tent,General,2026-04-08,Weekly,47,91.1,1.0,Stable,210,Sales Velocity + Seasonal,7,,,system,2026-03-04 14:31:14
46,1511,Alpine Explorer Tent,General,2026-04-15,Weekly,47,93.97,1.0,Stable,210,Sales Velocity + Seasonal,7,,,system,2026-03-04 14:31:14
47,1511,Alpine Explorer Tent,General,2026-04-22,Weekly,47,94.52,1.0,Stable,210,Sales Velocity + Seasonal,7,,,system,2026-03-04 14:31:14
48,1511,Alpine Explorer Tent,General,2026-05-01,Monthly,210,93.47,1.0,Stable,210,Sales Velocity + Seasonal,30,,,system,2026-03-04 14:31:14
49,1511,Alpine Explorer Tent,General,2026-05-31,Monthly,205,93.47,1.0,Stable,210,Sales Velocity + Seasonal,30,,,system,2026-03-04 14:31:14
50,1522,SummitClimber Backpack,General,2026-04-01,Monthly,174,85.99,1.0,Stable,179,Sales Velocity + Seasonal,30,,,system,2026-03-04 14:31:14
51,1522,SummitClimber Backpack,General,2026-04-01,Weekly,40,84.91,1.0,Stable,179,Sales Velocity + Seasonal,7,,,system,2026-03-04 14:31:14
52,1522,SummitClimber Backpack,General,2026-04-08,Weekly,40,88.9,1.0,Stable,179,Sales Velocity + Seasonal,7,,,system,2026-03-04 14:31:14
53,1522,SummitClimber Backpack,General,2026-04-15,Weekly,40,83.57,1.0,Stable,179,Sales Velocity + Seasonal,7,,,system,2026-03-04 14:31:14
54,1522,SummitClimber Backpack,General,2026-04-22,Weekly,40,84.11,1.0,Stable,179,Sales Velocity + Seasonal,7,,,system,2026-03-04 14:31:14
55,1522,SummitClimber Backpack,General,2026-05-01,Monthly,177,85.99,1.0,Stable,179,Sales Velocity + Seasonal,30,,,system,2026-03-04 14:31:14
56,1522,SummitClimber Backpack,General,2026-05-31,Monthly,178,85.99,1.0,Stable,179,Sales Velocity + Seasonal,30,,,system,2026-03-04 14:31:14
57,1532,TrailBlaze Hiking Pants,General,2026-04-01,Monthly,256,87.68,1.0,Stable,269,Sales Velocity + Seasonal,30,,,system,2026-03-04 14:31:14
58,1532,TrailBlaze Hiking Pants,General,2026-04-01,Weekly,59,87.27,1.0,Stable,269,Sales Velocity + Seasonal,7,,,system,2026-03-04 14:31:14
59,1532,TrailBlaze Hiking Pants,General,2026-04-08,Weekly,59,91.78,1.0,Stable,269,Sales Velocity + Seasonal,7,,,system,2026-03-04 14:31:14
60,1532,TrailBlaze Hiking Pants,General,2026-04-15,Weekly,59,86.39,1.0,Stable,269,Sales Velocity + Seasonal,7,,,system,2026-03-04 14:31:14
61,1532,TrailBlaze Hiking Pants,General,2026-04-22,Weekly,59,86.98,1.0,Stable,269,Sales Velocity + Seasonal,7,,,system,2026-03-04 14:31:14
62,1532,TrailBlaze Hiking Pants,General,2026-05-01,Monthly,265,87.68,1.0,Stable,269,Sales Velocity + Seasonal,30,,,system,2026-03-04 14:31:14
63,1532,TrailBlaze Hiking Pants,General,2026-05-31,Monthly,263,87.68,1.0,Stable,269,Sales Velocity + Seasonal,30,,,system,2026-03-04 14:31:14
64,1542,TrailWalker Hiking Shoes,General,2026-04-01,Monthly,166,89.93,1.0,Stable,170,Sales Velocity + Seasonal,30,,,system,2026-03-04 14:31:14
65,1542,TrailWalker Hiking Shoes,General,2026-04-01,Weekly,38,91.06,1.0,Stable,170,Sales Velocity + Seasonal,7,,,system,2026-03-04 14:31:14
66,1542,TrailWalker Hiking Shoes,General,2026-04-08,Weekly,38,86.85,1.0,Stable,170,Sales Velocity + Seasonal,7,,,system,2026-03-04 14:31:14
67,1542,TrailWalker Hiking Shoes,General,2026-04-15,Weekly,38,86.51,1.0,Stable,170,Sales Velocity + Seasonal,7,,,system,2026-03-04 14:31:14
68,1542,TrailWalker Hiking Shoes,General,2026-04-22,Weekly,38,86.93,1.0,Stable,170,Sales Velocity + Seasonal,7,,,system,2026-03-04 14:31:14
69,1542,TrailWalker Hiking Shoes,General,2026-05-01,Monthly,173,89.93,1.0,Stable,170,Sales Velocity + Seasonal,30,,,system,2026-03-04 14:31:14
70,1542,TrailWalker Hiking Shoes,General,2026-05-31,Monthly,172,89.93,1.0,Stable,170,Sales Velocity + Seasonal,30,,,system,2026-03-04 14:31:14
71,1552,TrekMaster Camping Chair,General,2026-04-01,Monthly,66,86.17,1.0,Stable,65,Sales Velocity + Seasonal,30,,,system,2026-03-04 14:31:14
72,1552,TrekMaster Camping Chair,General,2026-04-01,Weekly,15,81.73,1.0,Stable,65,Sales Velocity + Seasonal,7,,,system,2026-03-04 14:31:14
73,1552,TrekMaster Camping Chair,General,2026-04-08,Weekly,15,89.91,1.0,Stable,65,Sales Velocity + Seasonal,7,,,system,2026-03-04 14:31:14
74,1552,TrekMaster Camping Chair,General,2026-04-15,Weekly,15,84.1,1.0,Stable,65,Sales Velocity + Seasonal,7,,,system,2026-03-04 14:31:14
75,1552,TrekMaster Camping Chair,General,2026-04-22,Weekly,15,85.62,1.0,Stable,65,Sales Velocity + Seasonal,7,,,system,2026-03-04 14:31:14
76,1552,TrekMaster Camping Chair,General,2026-05-01,Monthly,67,86.17,1.0,Stable,65,Sales Velocity + Seasonal,30,,,system,2026-03-04 14:31:14
77,1552,TrekMaster Camping Chair,General,2026-05-31,Monthly,67,86.17,1.0,Stable,65,Sales Velocity + Seasonal,30,,,system,2026-03-04 14:31:14
78,1562,PowerBurner Camping Stove,General,2026-04-01,Monthly,51,94.49,1.0,Stable,53,Sales Velocity + Seasonal,30,,,system,2026-03-04 14:31:14
79,1562,PowerBurner Camping Stove,General,2026-04-01,Weekly,11,90.74,1.0,Stable,53,Sales Velocity + Seasonal,7,,,system,2026-03-04 14:31:14
80,1562,PowerBurner Camping Stove,General,2026-04-08,Weekly,11,93.57,1.0,Stable,53,Sales Velocity + Seasonal,7,,,system,2026-03-04 14:31:14
81,1562,PowerBurner Camping Stove,General,2026-04-15,Weekly,11,91.68,1.0,Stable,53,Sales Velocity + Seasonal,7,,,system,2026-03-04 14:31:14
82,1562,PowerBurner Camping Stove,General,2026-04-22,Weekly,11,89.5,1.0,Stable,53,Sales Velocity + Seasonal,7,,,system,2026-03-04 14:31:14
83,1562,PowerBurner Camping Stove,General,2026-05-01,Monthly,55,94.49,1.0,Stable,53,Sales Velocity + Seasonal,30,,,system,2026-03-04 14:31:14
84,1562,PowerBurner Camping Stove,General,2026-05-31,Monthly,54,94.49,1.0,Stable,53,Sales Velocity + Seasonal,30,,,system,2026-03-04 14:31:14
85,1572,MountainDream Sleeping Bag,General,2026-04-01,Monthly,136,88.4,1.0,Stable,138,Sales Velocity + Seasonal,30,,,system,2026-03-04 14:31:14
86,1572,MountainDream Sleeping Bag,General,2026-04-01,Weekly,31,93.32,1.0,Stable,138,Sales Velocity + Seasonal,7,,,system,2026-03-04 14:31:14
87,1572,MountainDream Sleeping Bag,General,2026-04-08,Weekly,31,87.73,1.0,Stable,138,Sales Velocity + Seasonal,7,,,system,2026-03-04 14:31:14
88,1572,MountainDream Sleeping Bag,General,2026-04-15,Weekly,31,85.92,1.0,Stable,138,Sales Velocity + Seasonal,7,,,system,2026-03-04 14:31:14
89,1572,MountainDream Sleeping Bag,General,2026-04-22,Weekly,31,85.44,1.0,Stable,138,Sales Velocity + Seasonal,7,,,system,2026-03-04 14:31:14
90,1572,MountainDream Sleeping Bag,General,2026-05-01,Monthly,141,88.4,1.0,Stable,138,Sales Velocity + Seasonal,30,,,system,2026-03-04 14:31:14
91,1572,MountainDream Sleeping Bag,General,2026-05-31,Monthly,142,88.4,1.0,Stable,138,Sales Velocity + Seasonal,30,,,system,2026-03-04 14:31:14
92,1512,SkyView 2-Person Tent,General,2026-04-01,Monthly,201,77.95,1.0,Stable,202,Sales Velocity + Seasonal,30,,,system,2026-03-04 14:31:14
93,1512,SkyView 2-Person Tent,General,2026-04-01,Weekly,46,77.44,1.0,Stable,202,Sales Velocity + Seasonal,7,,,system,2026-03-04 14:31:14
94,1512,SkyView 2-Person Tent,General,2026-04-08,Weekly,46,74.99,1.0,Stable,202,Sales Velocity + Seasonal,7,,,system,2026-03-04 14:31:14
95,1512,SkyView 2-Person Tent,General,2026-04-15,Weekly,46,78.26,1.0,Stable,202,Sales Velocity + Seasonal,7,,,system,2026-03-04 14:31:14
96,1512,SkyView 2-Person Tent,General,2026-04-22,Weekly,46,76.16,1.0,Stable,202,Sales Velocity + Seasonal,7,,,system,2026-03-04 14:31:14
97,1512,SkyView 2-Person Tent,General,2026-05-01,Monthly,210,77.95,1.0,Stable,202,Sales Velocity + Seasonal,30,,,system,2026-03-04 14:31:14
98,1512,SkyView 2-Person Tent,General,2026-05-31,Monthly,192,77.95,1.0,Stable,202,Sales Velocity + Seasonal,30,,,system,2026-03-04 14:31:14
99,1523,TrailLite Daypack,General,2026-04-01,Monthly,185,86.14,1.0,Stable,177,Sales Velocity + Seasonal,30,,,system,2026-03-04 14:31:14
100,1523,TrailLite Daypack,General,2026-04-01,Weekly,43,89.55,1.0,Stable,177,Sales Velocity + Seasonal,7,,,system,2026-03-04 14:31:14
101,1523,TrailLite Daypack,General,2026-04-08,Weekly,43,85.49,1.0,Stable,177,Sales Velocity + Seasonal,7,,,system,2026-03-04 14:31:14
102,1523,TrailLite Daypack,General,2026-04-15,Weekly,43,87.64,1.0,Stable,177,Sales Velocity + Seasonal,7,,,system,2026-03-04 14:31:14
103,1523,TrailLite Daypack,General,2026-04-22,Weekly,43,88.95,1.0,Stable,177,Sales Velocity + Seasonal,7,,,system,2026-03-04 14:31:14
104,1523,TrailLite Daypack,General,2026-05-01,Monthly,184,86.14,1.0,Stable,177,Sales Velocity + Seasonal,30,,,system,2026-03-04 14:31:14
105,1523,TrailLite Daypack,General,2026-05-31,Monthly,177,86.14,1.0,Stable,177,Sales Velocity + Seasonal,30,,,system,2026-03-04 14:31:14
106,1533,RainGuard Hiking Jacket,General,2026-04-01,Monthly,241,93.79,1.0,Stable,254,Sales Velocity + Seasonal,30,,,system,2026-03-04 14:31:14
107,1533,RainGuard Hiking Jacket,General,2026-04-01,Weekly,56,98.63,1.0,Stable,254,Sales Velocity + Seasonal,7,,,system,2026-03-04 14:31:14
108,1533,RainGuard Hiking Jacket,General,2026-04-08,Weekly,56,91.3,1.0,Stable,254,Sales Velocity + Seasonal,7,,,system,2026-03-04 14:31:14
109,1533,RainGuard Hiking Jacket,General,2026-04-15,Weekly,56,93.69,1.0,Stable,254,Sales Velocity + Seasonal,7,,,system,2026-03-04 14:31:14
110,1533,RainGuard Hiking Jacket,General,2026-04-22,Weekly,56,96.07,1.0,Stable,254,Sales Velocity + Seasonal,7,,,system,2026-03-04 14:31:14
111,1533,RainGuard Hiking Jacket,General,2026-05-01,Monthly,251,93.79,1.0,Stable,254,Sales Velocity + Seasonal,30,,,system,2026-03-04 14:31:14
112,1533,RainGuard Hiking Jacket,General,2026-05-31,Monthly,265,93.79,1.0,Stable,254,Sales Velocity + Seasonal,30,,,system,2026-03-04 14:31:14
113,1543,TrekStar Hiking Sandals,General,2026-04-01,Monthly,167,88.32,1.0,Stable,171,Sales Velocity + Seasonal,30,,,system,2026-03-04 14:31:14
114,1543,TrekStar Hiking Sandals,General,2026-04-01,Weekly,38,92.93,1.0,Stable,171,Sales Velocity + Seasonal,7,,,system,2026-03-04 14:31:14
115,1543,TrekStar Hiking Sandals,General,2026-04-08,Weekly,38,85.2,1.0,Stable,171,Sales Velocity + Seasonal,7,,,system,2026-03-04 14:31:14
116,1543,TrekStar Hiking Sandals,General,2026-04-15,Weekly,38,91.51,1.0,Stable,171,Sales Velocity + Seasonal,7,,,system,2026-03-04 14:31:14
117,1543,TrekStar Hiking Sandals,General,2026-04-22,Weekly,38,83.41,1.0,Stable,171,Sales Velocity + Seasonal,7,,,system,2026-03-04 14:31:14
118,1543,TrekStar Hiking Sandals,General,2026-05-01,Monthly,179,88.32,1.0,Stable,171,Sales Velocity + Seasonal,30,,,system,2026-03-04 14:31:14
119,1543,TrekStar Hiking Sandals,General,2026-05-31,Monthly,165,88.32,1.0,Stable,171,Sales Velocity + Seasonal,30,,,system,2026-03-04 14:31:14
120,1553,Adventure Dining Table,General,2026-04-01,Monthly,57,76.84,1.0,Stable,58,Sales Velocity + Seasonal,30,,,system,2026-03-04 14:31:14
121,1553,Adventure Dining Table,General,2026-04-01,Weekly,13,73.33,1.0,Stable,58,Sales Velocity + Seasonal,7,,,system,2026-03-04 14:31:14
122,1553,Adventure Dining Table,General,2026-04-08,Weekly,13,76.95,1.0,Stable,58,Sales Velocity + Seasonal,7,,,system,2026-03-04 14:31:14
123,1553,Adventure Dining Table,General,2026-04-15,Weekly,13,76.08,1.0,Stable,58,Sales Velocity + Seasonal,7,,,system,2026-03-04 14:31:14
124,1553,Adventure Dining Table,General,2026-04-22,Weekly,13,76.03,1.0,Stable,58,Sales Velocity + Seasonal,7,,,system,2026-03-04 14:31:14
125,1553,Adventure Dining Table,General,2026-05-01,Monthly,60,76.84,1.0,Stable,58,Sales Velocity + Seasonal,30,,,system,2026-03-04 14:31:14
126,1553,Adventure Dining Table,General,2026-05-31,Monthly,60,76.84,1.0,Stable,58,Sales Velocity + Seasonal,30,,,system,2026-03-04 14:31:14
127,1563,CompactCook Camping Stove,General,2026-04-01,Monthly,55,83.1,1.0,Stable,58,Sales Velocity + Seasonal,30,,,system,2026-03-04 14:31:14
128,1563,CompactCook Camping Stove,General,2026-04-01,Weekly,12,81.79,1.0,Stable,58,Sales Velocity + Seasonal,7,,,system,2026-03-04 14:31:14
129,1563,CompactCook Camping Stove,General,2026-04-08,Weekly,12,82.66,1.0,Stable,58,Sales Velocity + Seasonal,7,,,system,2026-03-04 14:31:14
130,1563,CompactCook Camping Stove,General,2026-04-15,Weekly,12,81.4,1.0,Stable,58,Sales Velocity + Seasonal,7,,,system,2026-03-04 14:31:14
131,1563,CompactCook Camping Stove,General,2026-04-22,Weekly,12,85.9,1.0,Stable,58,Sales Velocity + Seasonal,7,,,system,2026-03-04 14:31:14
132,1563,CompactCook Camping Stove,General,2026-05-01,Monthly,59,83.1,1.0,Stable,58,Sales Velocity + Seasonal,30,,,system,2026-03-04 14:31:14
133,1563,CompactCook Camping Stove,General,2026-05-31,Monthly,55,83.1,1.0,Stable,58,Sales Velocity + Seasonal,30,,,system,2026-03-04 14:31:14
134,1581,LED Headlamp - Rechargeable,General,2026-04-01,Monthly,46,91.53,1.0,Stable,47,Sales Velocity + Seasonal,30,,,system,2026-03-04 14:31:14
135,1581,LED Headlamp - Rechargeable,General,2026-04-01,Weekly,10,88.53,1.0,Stable,47,Sales Velocity + Seasonal,7,,,system,2026-03-04 14:31:14
136,1581,LED Headlamp - Rechargeable,General,2026-04-08,Weekly,10,96.28,1.0,Stable,47,Sales Velocity + Seasonal,7,,,system,2026-03-04 14:31:14
137,1581,LED Headlamp - Rechargeable,General,2026-04-15,Weekly,10,89.32,1.0,Stable,47,Sales Velocity + Seasonal,7,,,system,2026-03-04 14:31:14
138,1581,LED Headlamp - Rechargeable,General,2026-04-22,Weekly,10,94.54,1.0,Stable,47,Sales Velocity + Seasonal,7,,,system,2026-03-04 14:31:14
139,1581,LED Headlamp - Rechargeable,General,2026-05-01,Monthly,44,91.53,1.0,Stable,47,Sales Velocity + Seasonal,30,,,system,2026-03-04 14:31:14
140,1581,LED Headlamp - Rechargeable,General,2026-05-31,Monthly,47,91.53,1.0,Stable,47,Sales Velocity + Seasonal,30,,,system,2026-03-04 14:31:14
141,2011,Coffee Maker,General,2026-04-01,Monthly,1412,93.06,1.0,Stable,1361,Sales Velocity + Seasonal,30,,,system,2026-03-04 14:31:14
142,2011,Coffee Maker,General,2026-04-01,Weekly,328,88.64,1.0,Stable,1361,Sales Velocity + Seasonal,7,,,system,2026-03-04 14:31:14
143,2011,Coffee Maker,General,2026-04-08,Weekly,328,90.67,1.0,Stable,1361,Sales Velocity + Seasonal,7,,,system,2026-03-04 14:31:14
144,2011,Coffee Maker,General,2026-04-15,Weekly,328,89.37,1.0,Stable,1361,Sales Velocity + Seasonal,7,,,system,2026-03-04 14:31:14
145,2011,Coffee Maker,General,2026-04-22,Weekly,328,89.87,1.0,Stable,1361,Sales Velocity + Seasonal,7,,,system,2026-03-04 14:31:14
146,2011,Coffee Maker,General,2026-05-01,Monthly,1417,93.06,1.0,Stable,1361,Sales Velocity + Seasonal,30,,,system,2026-03-04 14:31:14
147,2011,Coffee Maker,General,2026-05-31,Monthly,1313,93.06,1.0,Stable,1361,Sales Velocity + Seasonal,30,,,system,2026-03-04 14:31:14
148,2012,Espresso Machine,General,2026-04-01,Monthly,1341,84.87,1.0,Stable,1358,Sales Velocity + Seasonal,30,,,system,2026-03-04 14:31:14
149,2012,Espresso Machine,General,2026-04-01,Weekly,311,81.73,1.0,Stable,1358,Sales Velocity + Seasonal,7,,,system,2026-03-04 14:31:14
150,2012,Espresso Machine,General,2026-04-08,Weekly,311,83.94,1.0,Stable,1358,Sales Velocity + Seasonal,7,,,system,2026-03-04 14:31:14
151,2012,Espresso Machine,General,2026-04-15,Weekly,311,85.87,1.0,Stable,1358,Sales Velocity + Seasonal,7,,,system,2026-03-04 14:31:14
152,2012,Espresso Machine,General,2026-04-22,Weekly,311,80.64,1.0,Stable,1358,Sales Velocity + Seasonal,7,,,system,2026-03-04 14:31:14
153,2012,Espresso Machine,General,2026-05-01,Monthly,1419,84.87,1.0,Stable,1358,Sales Velocity + Seasonal,30,,,system,2026-03-04 14:31:14
154,2012,Espresso Machine,General,2026-05-31,Monthly,1294,84.87,1.0,Stable,1358,Sales Velocity + Seasonal,30,,,system,2026-03-04 14:31:14
155,2021,Chef Knife,General,2026-04-01,Monthly,820,85.71,1.0,Stable,823,Sales Velocity + Seasonal,30,,,system,2026-03-04 14:31:14
156,2021,Chef Knife,General,2026-04-01,Weekly,190,82.3,1.0,Stable,823,Sales Velocity + Seasonal,7,,,system,2026-03-04 14:31:14
157,2021,Chef Knife,General,2026-04-08,Weekly,190,83.27,1.0,Stable,823,Sales Velocity + Seasonal,7,,,system,2026-03-04 14:31:14
158,2021,Chef Knife,General,2026-04-15,Weekly,190,83.53,1.0,Stable,823,Sales Velocity + Seasonal,7,,,system,2026-03-04 14:31:14
159,2021,Chef Knife,General,2026-04-22,Weekly,190,88.53,1.0,Stable,823,Sales Velocity + Seasonal,7,,,system,2026-03-04 14:31:14
160,2021,Chef Knife,General,2026-05-01,Monthly,860,85.71,1.0,Stable,823,Sales Velocity + Seasonal,30,,,system,2026-03-04 14:31:14
161,2021,Chef Knife,General,2026-05-31,Monthly,839,85.71,1.0,Stable,823,Sales Velocity + Seasonal,30,,,system,2026-03-04 14:31:14
162,2022,Fork Set,General,2026-04-01,Monthly,792,92.0,1.0,Stable,821,Sales Velocity + Seasonal,30,,,system,2026-03-04 14:31:14
163,2022,Fork Set,General,2026-04-01,Weekly,184,95.97,1.0,Stable,821,Sales Velocity + Seasonal,7,,,system,2026-03-04 14:31:14
164,2022,Fork Set,General,2026-04-08,Weekly,184,94.2,1.0,Stable,821,Sales Velocity + Seasonal,7,,,system,2026-03-04 14:31:14
165,2022,Fork Set,General,2026-04-15,Weekly,184,94.94,1.0,Stable,821,Sales Velocity + Seasonal,7,,,system,2026-03-04 14:31:14
166,2022,Fork Set,General,2026-04-22,Weekly,184,94.79,1.0,Stable,821,Sales Velocity + Seasonal,7,,,system,2026-03-04 14:31:14
167,2022,Fork Set,General,2026-05-01,Monthly,795,92.0,1.0,Stable,821,Sales Velocity + Seasonal,30,,,system,2026-03-04 14:31:14
168,2022,Fork Set,General,2026-05-31,Monthly,811,92.0,1.0,Stable,821,Sales Velocity + Seasonal,30,,,system,2026-03-04 14:31:14
169,2031,Coffee Mug,General,2026-04-01,Monthly,848,78.0,1.0,Stable,867,Sales Velocity + Seasonal,30,,,system,2026-03-04 14:31:14
170,2031,Coffee Mug,General,2026-04-01,Weekly,197,75.87,1.0,Stable,867,Sales Velocity + Seasonal,7,,,system,2026-03-04 14:31:14
171,2031,Coffee Mug,General,2026-04-08,Weekly,197,81.9,1.0,Stable,867,Sales Velocity + Seasonal,7,,,system,2026-03-04 14:31:14
172,2031,Coffee Mug,General,2026-04-15,Weekly,197,73.32,1.0,Stable,867,Sales Velocity + Seasonal,7,,,system,2026-03-04 14:31:14
173,2031,Coffee Mug,General,2026-04-22,Weekly,197,74.21,1.0,Stable,867,Sales Velocity + Seasonal,7,,,system,2026-03-04 14:31:14
174,2031,Coffee Mug,General,2026-05-01,Monthly,898,78.0,1.0,Stable,867,Sales Velocity + Seasonal,30,,,system,2026-03-04 14:31:14
175,2031,Coffee Mug,General,2026-05-31,Monthly,828,78.0,1.0,Stable,867,Sales Velocity + Seasonal,30,,,system,2026-03-04 14:31:14
176,2041,Serving Platter,General,2026-04-01,Monthly,757,88.97,1.0,Stable,779,Sales Velocity + Seasonal,30,,,system,2026-03-04 14:31:14
177,2041,Serving Platter,General,2026-04-01,Weekly,176,84.81,1.0,Stable,779,Sales Velocity + Seasonal,7,,,system,2026-03-04 14:31:14
178,2041,Serving Platter,General,2026-04-08,Weekly,176,92.64,1.0,Stable,779,Sales Velocity + Seasonal,7,,,system,2026-03-04 14:31:14
179,2041,Serving Platter,General,2026-04-15,Weekly,176,92.37,1.0,Stable,779,Sales Velocity + Seasonal,7,,,system,2026-03-04 14:31:14
180,2041,Serving Platter,General,2026-04-22,Weekly,176,89.82,1.0,Stable,779,Sales Velocity + Seasonal,7,,,system,2026-03-04 14:31:14
181,2041,Serving Platter,General,2026-05-01,Monthly,814,88.97,1.0,Stable,779,Sales Velocity + Seasonal,30,,,system,2026-03-04 14:31:14
182,2041,Serving Platter,General,2026-05-31,Monthly,786,88.97,1.0,Stable,779,Sales Velocity + Seasonal,30,,,system,2026-03-04 14:31:14
183,2051,Ice Cream Bowl,General,2026-04-01,Monthly,351,85.25,1.0,Stable,338,Sales Velocity + Seasonal,30,,,system,2026-03-04 14:31:14
184,2051,Ice Cream Bowl,General,2026-04-01,Weekly,81,85.89,1.0,Stable,338,Sales Velocity + Seasonal,7,,,system,2026-03-04 14:31:14
185,2051,Ice Cream Bowl,General,2026-04-08,Weekly,81,80.56,1.0,Stable,338,Sales Velocity + Seasonal,7,,,system,2026-03-04 14:31:14
186,2051,Ice Cream Bowl,General,2026-04-15,Weekly,81,89.85,1.0,Stable,338,Sales Velocity + Seasonal,7,,,system,2026-03-04 14:31:14
187,2051,Ice Cream Bowl,General,2026-04-22,Weekly,81,84.13,1.0,Stable,338,Sales Velocity + Seasonal,7,,,system,2026-03-04 14:31:14
188,2051,Ice Cream Bowl,General,2026-05-01,Monthly,353,85.25,1.0,Stable,338,Sales Velocity + Seasonal,30,,,system,2026-03-04 14:31:14
189,2051,Ice Cream Bowl,General,2026-05-31,Monthly,323,85.25,1.0,Stable,338,Sales Velocity + Seasonal,30,,,system,2026-03-04 14:31:14
190,2061,Mixing Bowl,General,2026-04-01,Monthly,687,94.57,1.0,Stable,659,Sales Velocity + Seasonal,30,,,system,2026-03-04 14:31:14
191,2061,Mixing Bowl,General,2026-04-01,Weekly,159,99.18,1.0,Stable,659,Sales Velocity + Seasonal,7,,,system,2026-03-04 14:31:14
192,2061,Mixing Bowl,General,2026-04-08,Weekly,159,92.26,1.0,Stable,659,Sales Velocity + Seasonal,7,,,system,2026-03-04 14:31:14
193,2061,Mixing Bowl,General,2026-04-15,Weekly,159,99.06,1.0,Stable,659,Sales Velocity + Seasonal,7,,,system,2026-03-04 14:31:14
194,2061,Mixing Bowl,General,2026-04-22,Weekly,159,94.23,1.0,Stable,659,Sales Velocity + Seasonal,7,,,system,2026-03-04 14:31:14
195,2061,Mixing Bowl,General,2026-05-01,Monthly,687,94.57,1.0,Stable,659,Sales Velocity + Seasonal,30,,,system,2026-03-04 14:31:14
196,2061,Mixing Bowl,General,2026-05-31,Monthly,678,94.57,1.0,Stable,659,Sales Velocity + Seasonal,30,,,system,2026-03-04 14:31:14
197,2071,Baking Pan,General,2026-04-01,Monthly,726,89.77,1.0,Stable,760,Sales Velocity + Seasonal,30,,,system,2026-03-04 14:31:14
198,2071,Baking Pan,General,2026-04-01,Weekly,168,89.33,1.0,Stable,760,Sales Velocity + Seasonal,7,,,system,2026-03-04 14:31:14
199,2071,Baking Pan,General,2026-04-08,Weekly,168,89.92,1.0,Stable,760,Sales Velocity + Seasonal,7,,,system,2026-03-04 14:31:14
200,2071,Baking Pan,General,2026-04-15,Weekly,168,90.06,1.0,Stable,760,Sales Velocity + Seasonal,7,,,system,2026-03-04 14:31:14
201,2071,Baking Pan,General,2026-04-22,Weekly,168,87.3,1.0,Stable,760,Sales Velocity + Seasonal,7,,,system,2026-03-04 14:31:14
202,2071,Baking Pan,General,2026-05-01,Monthly,737,89.77,1.0,Stable,760,Sales Velocity + Seasonal,30,,,system,2026-03-04 14:31:14
203,2071,Baking Pan,General,2026-05-31,Monthly,761,89.77,1.0,Stable,760,Sales Velocity + Seasonal,30,,,system,2026-03-04 14:31:14
204,2081,Food Storage Set,General,2026-04-01,Monthly,374,81.78,1.0,Stable,387,Sales Velocity + Seasonal,30,,,system,2026-03-04 14:31:14
205,2081,Food Storage Set,General,2026-04-01,Weekly,86,79.82,1.0,Stable,387,Sales Velocity + Seasonal,7,,,system,2026-03-04 14:31:14
206,2081,Food Storage Set,General,2026-04-08,Weekly,86,86.69,1.0,Stable,387,Sales Velocity + Seasonal,7,,,system,2026-03-04 14:31:14
207,2081,Food Storage Set,General,2026-04-15,Weekly,86,77.22,1.0,Stable,387,Sales Velocity + Seasonal,7,,,system,2026-03-04 14:31:14
208,2081,Food Storage Set,General,2026-04-22,Weekly,86,79.57,1.0,Stable,387,Sales Velocity + Seasonal,7,,,system,2026-03-04 14:31:14
209,2081,Food Storage Set,General,2026-05-01,Monthly,389,81.78,1.0,Stable,387,Sales Velocity + Seasonal,30,,,system,2026-03-04 14:31:14
210,2081,Food Storage Set,General,2026-05-31,Monthly,389,81.78,1.0,Stable,387,Sales Velocity + Seasonal,30,,,system,2026-03-04 14:31:14
211,2091,Spatula,General,2026-04-01,Monthly,278,84.79,1.0,Stable,276,Sales Velocity + Seasonal,30,,,system,2026-03-04 14:31:14
212,2091,Spatula,General,2026-04-01,Weekly,64,81.27,1.0,Stable,276,Sales Velocity + Seasonal,7,,,system,2026-03-04 14:31:14
213,2091,Spatula,General,2026-04-08,Weekly,64,81.98,1.0,Stable,276,Sales Velocity + Seasonal,7,,,system,2026-03-04 14:31:14
214,2091,Spatula,General,2026-04-15,Weekly,64,85.61,1.0,Stable,276,Sales Velocity + Seasonal,7,,,system,2026-03-04 14:31:14
215,2091,Spatula,General,2026-04-22,Weekly,64,85.66,1.0,Stable,276,Sales Velocity + Seasonal,7,,,system,2026-03-04 14:31:14
216,2091,Spatula,General,2026-05-01,Monthly,263,84.79,1.0,Stable,276,Sales Velocity + Seasonal,30,,,system,2026-03-04 14:31:14
217,2091,Spatula,General,2026-05-31,Monthly,277,84.79,1.0,Stable,276,Sales Velocity + Seasonal,30,,,system,2026-03-04 14:31:14
218,2101,Measuring Cup Set,General,2026-04-01,Monthly,294,91.4,1.0,Stable,282,Sales Velocity + Seasonal,30,,,system,2026-03-04 14:31:14
219,2101,Measuring Cup Set,General,2026-04-01,Weekly,68,95.25,1.0,Stable,282,Sales Velocity + Seasonal,7,,,system,2026-03-04 14:31:14
220,2101,Measuring Cup Set,General,2026-04-08,Weekly,68,96.05,1.0,Stable,282,Sales Velocity + Seasonal,7,,,system,2026-03-04 14:31:14
221,2101,Measuring Cup Set,General,2026-04-15,Weekly,68,96.06,1.0,Stable,282,Sales Velocity + Seasonal,7,,,system,2026-03-04 14:31:14
222,2101,Measuring Cup Set,General,2026-04-22,Weekly,68,94.45,1.0,Stable,282,Sales Velocity + Seasonal,7,,,system,2026-03-04 14:31:14
223,2101,Measuring Cup Set,General,2026-05-01,Monthly,288,91.4,1.0,Stable,282,Sales Velocity + Seasonal,30,,,system,2026-03-04 14:31:14
224,2101,Measuring Cup Set,General,2026-05-31,Monthly,285,91.4,1.0,Stable,282,Sales Velocity + Seasonal,30,,,system,2026-03-04 14:31:14
225,2111,High-Speed Blender,General,2026-04-01,Monthly,287,80.9,1.0,Stable,277,Sales Velocity + Seasonal,30,,,system,2026-03-04 14:31:14
226,2111,High-Speed Blender,General,2026-04-01,Weekly,66,85.56,1.0,Stable,277,Sales Velocity + Seasonal,7,,,system,2026-03-04 14:31:14
227,2111,High-Speed Blender,General,2026-04-08,Weekly,66,81.32,1.0,Stable,277,Sales Velocity + Seasonal,7,,,system,2026-03-04 14:31:14
228,2111,High-Speed Blender,General,2026-04-15,Weekly,66,78.36,1.0,Stable,277,Sales Velocity + Seasonal,7,,,system,2026-03-04 14:31:14
229,2111,High-Speed Blender,General,2026-04-22,Weekly,66,76.16,1.0,Stable,277,Sales Velocity + Seasonal,7,,,system,2026-03-04 14:31:14
230,2111,High-Speed Blender,General,2026-05-01,Monthly,272,80.9,1.0,Stable,277,Sales Velocity + Seasonal,30,,,system,2026-03-04 14:31:14
231,2111,High-Speed Blender,General,2026-05-31,Monthly,271,80.9,1.0,Stable,277,Sales Velocity + Seasonal,30,,,system,2026-03-04 14:31:14
232,2112,4-Slice Toaster,General,2026-04-01,Monthly,250,82.13,1.0,Stable,254,Sales Velocity + Seasonal,30,,,system,2026-03-04 14:31:14
233,2112,4-Slice Toaster,General,2026-04-01,Weekly,58,86.22,1.0,Stable,254,Sales Velocity + Seasonal,7,,,system,2026-03-04 14:31:14
234,2112,4-Slice Toaster,General,2026-04-08,Weekly,58,78.77,1.0,Stable,254,Sales Velocity + Seasonal,7,,,system,2026-03-04 14:31:14
235,2112,4-Slice Toaster,General,2026-04-15,Weekly,58,78.18,1.0,Stable,254,Sales Velocity + Seasonal,7,,,system,2026-03-04 14:31:14
236,2112,4-Slice Toaster,General,2026-04-22,Weekly,58,83.21,1.0,Stable,254,Sales Velocity + Seasonal,7,,,system,2026-03-04 14:31:14
237,2112,4-Slice Toaster,General,2026-05-01,Monthly,242,82.13,1.0,Stable,254,Sales Velocity + Seasonal,30,,,system,2026-03-04 14:31:14
238,2112,4-Slice Toaster,General,2026-05-31,Monthly,264,82.13,1.0,Stable,254,Sales Velocity + Seasonal,30,,,system,2026-03-04 14:31:14
239,2121,Bamboo Cutting Board Set,General,2026-04-01,Monthly,234,89.57,1.0,Stable,245,Sales Velocity + Seasonal,30,,,system,2026-03-04 14:31:14
240,2121,Bamboo Cutting Board Set,General,2026-04-01,Weekly,54,85.72,1.0,Stable,245,Sales Velocity + Seasonal,7,,,system,2026-03-04 14:31:14
241,2121,Bamboo Cutting Board Set,General,2026-04-08,Weekly,54,94.38,1.0,Stable,245,Sales Velocity + Seasonal,7,,,system,2026-03-04 14:31:14
242,2121,Bamboo Cutting Board Set,General,2026-04-15,Weekly,54,93.64,1.0,Stable,245,Sales Velocity + Seasonal,7,,,system,2026-03-04 14:31:14
243,2121,Bamboo Cutting Board Set,General,2026-04-22,Weekly,54,87.09,1.0,Stable,245,Sales Velocity + Seasonal,7,,,system,2026-03-04 14:31:14
244,2121,Bamboo Cutting Board Set,General,2026-05-01,Monthly,243,89.57,1.0,Stable,245,Sales Velocity + Seasonal,30,,,system,2026-03-04 14:31:14
245,2121,Bamboo Cutting Board Set,General,2026-05-31,Monthly,234,89.57,1.0,Stable,245,Sales Velocity + Seasonal,30,,,system,2026-03-04 14:31:14
246,3011,Alpine Pro Racing Skis - 170cm,General,2026-04-01,Monthly,29,78.44,1.0,Stable,29,Sales Velocity + Seasonal,30,,,system,2026-03-04 14:31:14
247,3011,Alpine Pro Racing Skis - 170cm,General,2026-04-01,Weekly,6,75.94,1.0,Stable,29,Sales Velocity + Seasonal,7,,,system,2026-03-04 14:31:14
248,3011,Alpine Pro Racing Skis - 170cm,General,2026-04-08,Weekly,6,73.91,1.0,Stable,29,Sales Velocity + Seasonal,7,,,system,2026-03-04 14:31:14
249,3011,Alpine Pro Racing Skis - 170cm,General,2026-04-15,Weekly,6,74.38,1.0,Stable,29,Sales Velocity + Seasonal,7,,,system,2026-03-04 14:31:14
250,3011,Alpine Pro Racing Skis - 170cm,General,2026-04-22,Weekly,6,74.4,1.0,Stable,29,Sales Velocity + Seasonal,7,,,system,2026-03-04 14:31:14
251,3011,Alpine Pro Racing Skis - 170cm,General,2026-05-01,Monthly,30,78.44,1.0,Stable,29,Sales Velocity + Seasonal,30,,,system,2026-03-04 14:31:14
252,3011,Alpine Pro Racing Skis - 170cm,General,2026-05-31,Monthly,30,78.44,1.0,Stable,29,Sales Velocity + Seasonal,30,,,system,2026-03-04 14:31:14
253,3012,Mountain Master All-Terrain Skis - 165cm,General,2026-04-01,Monthly,38,88.1,1.0,Stable,37,Sales Velocity + Seasonal,30,,,system,2026-03-04 14:31:14
254,3012,Mountain Master All-Terrain Skis - 165cm,General,2026-04-01,Weekly,8,93.08,1.0,Stable,37,Sales Velocity + Seasonal,7,,,system,2026-03-04 14:31:14
255,3012,Mountain Master All-Terrain Skis - 165cm,General,2026-04-08,Weekly,8,91.27,1.0,Stable,37,Sales Velocity + Seasonal,7,,,system,2026-03-04 14:31:14
256,3012,Mountain Master All-Terrain Skis - 165cm,General,2026-04-15,Weekly,8,87.96,1.0,Stable,37,Sales Velocity + Seasonal,7,,,system,2026-03-04 14:31:14
257,3012,Mountain Master All-Terrain Skis - 165cm,General,2026-04-22,Weekly,8,92.24,1.0,Stable,37,Sales Velocity + Seasonal,7,,,system,2026-03-04 14:31:14
258,3012,Mountain Master All-Terrain Skis - 165cm,General,2026-05-01,Monthly,36,88.1,1.0,Stable,37,Sales Velocity + Seasonal,30,,,system,2026-03-04 14:31:14
259,3012,Mountain Master All-Terrain Skis - 165cm,General,2026-05-31,Monthly,38,88.1,1.0,Stable,37,Sales Velocity + Seasonal,30,,,system,2026-03-04 14:31:14
260,3013,Beginner's Choice Alpine Skis - 160cm,General,2026-04-01,Monthly,24,88.1,1.0,Stable,26,Sales Velocity + Seasonal,30,,,system,2026-03-04 14:31:14
261,3013,Beginner's Choice Alpine Skis - 160cm,General,2026-04-01,Weekly,5,88.33,1.0,Stable,26,Sales Velocity + Seasonal,7,,,system,2026-03-04 14:31:14
262,3013,Beginner's Choice Alpine Skis - 160cm,General,2026-04-08,Weekly,5,85.18,1.0,Stable,26,Sales Velocity + Seasonal,7,,,system,2026-03-04 14:31:14
263,3013,Beginner's Choice Alpine Skis - 160cm,General,2026-04-15,Weekly,5,84.85,1.0,Stable,26,Sales Velocity + Seasonal,7,,,system,2026-03-04 14:31:14
264,3013,Beginner's Choice Alpine Skis - 160cm,General,2026-04-22,Weekly,5,84.59,1.0,Stable,26,Sales Velocity + Seasonal,7,,,system,2026-03-04 14:31:14
265,3013,Beginner's Choice Alpine Skis - 160cm,General,2026-05-01,Monthly,26,88.1,1.0,Stable,26,Sales Velocity + Seasonal,30,,,system,2026-03-04 14:31:14
266,3013,Beginner's Choice Alpine Skis - 160cm,General,2026-05-31,Monthly,26,88.1,1.0,Stable,26,Sales Velocity + Seasonal,30,,,system,2026-03-04 14:31:14
267,3021,Nordic Classic XC Skis - 185cm,General,2026-04-01,Monthly,15,93.24,1.0,Stable,15,Sales Velocity + Seasonal,30,,,system,2026-03-04 14:31:14
268,3021,Nordic Classic XC Skis - 185cm,General,2026-04-01,Weekly,3,88.56,1.0,Stable,15,Sales Velocity + Seasonal,7,,,system,2026-03-04 14:31:14
269,3021,Nordic Classic XC Skis - 185cm,General,2026-04-08,Weekly,3,93.14,1.0,Stable,15,Sales Velocity + Seasonal,7,,,system,2026-03-04 14:31:14
270,3021,Nordic Classic XC Skis - 185cm,General,2026-04-15,Weekly,3,94.16,1.0,Stable,15,Sales Velocity + Seasonal,7,,,system,2026-03-04 14:31:14
271,3021,Nordic Classic XC Skis - 185cm,General,2026-04-22,Weekly,3,89.19,1.0,Stable,15,Sales Velocity + Seasonal,7,,,system,2026-03-04 14:31:14
272,3021,Nordic Classic XC Skis - 185cm,General,2026-05-01,Monthly,14,93.24,1.0,Stable,15,Sales Velocity + Seasonal,30,,,system,2026-03-04 14:31:14
273,3021,Nordic Classic XC Skis - 185cm,General,2026-05-31,Monthly,15,93.24,1.0,Stable,15,Sales Velocity + Seasonal,30,,,system,2026-03-04 14:31:14
274,3022,Backcountry Explorer XC Skis - 190cm,General,2026-04-01,Monthly,8,81.68,1.0,Stable,8,Sales Velocity + Seasonal,30,,,system,2026-03-04 14:31:14
275,3022,Backcountry Explorer XC Skis - 190cm,General,2026-04-01,Weekly,1,77.92,1.0,Stable,8,Sales Velocity + Seasonal,7,,,system,2026-03-04 14:31:14
276,3022,Backcountry Explorer XC Skis - 190cm,General,2026-04-08,Weekly,1,77.66,1.0,Stable,8,Sales Velocity + Seasonal,7,,,system,2026-03-04 14:31:14
277,3022,Backcountry Explorer XC Skis - 190cm,General,2026-04-15,Weekly,1,76.82,1.0,Stable,8,Sales Velocity + Seasonal,7,,,system,2026-03-04 14:31:14
278,3022,Backcountry Explorer XC Skis - 190cm,General,2026-04-22,Weekly,1,81.28,1.0,Stable,8,Sales Velocity + Seasonal,7,,,system,2026-03-04 14:31:14
279,3022,Backcountry Explorer XC Skis - 190cm,General,2026-05-01,Monthly,7,81.68,1.0,Stable,8,Sales Velocity + Seasonal,30,,,system,2026-03-04 14:31:14
280,3022,Backcountry Explorer XC Skis - 190cm,General,2026-05-31,Monthly,7,81.68,1.0,Stable,8,Sales Velocity + Seasonal,30,,,system,2026-03-04 14:31:14
281,3031,Pro Flex Racing Ski Boots,General,2026-04-01,Monthly,22,88.08,1.0,Stable,23,Sales Velocity + Seasonal,30,,,system,2026-03-04 14:31:14
282,3031,Pro Flex Racing Ski Boots,General,2026-04-01,Weekly,5,85.17,1.0,Stable,23,Sales Velocity + Seasonal,7,,,system,2026-03-04 14:31:14
283,3031,Pro Flex Racing Ski Boots,General,2026-04-08,Weekly,5,88.62,1.0,Stable,23,Sales Velocity + Seasonal,7,,,system,2026-03-04 14:31:14
284,3031,Pro Flex Racing Ski Boots,General,2026-04-15,Weekly,5,83.83,1.0,Stable,23,Sales Velocity + Seasonal,7,,,system,2026-03-04 14:31:14
285,3031,Pro Flex Racing Ski Boots,General,2026-04-22,Weekly,5,87.84,1.0,Stable,23,Sales Velocity + Seasonal,7,,,system,2026-03-04 14:31:14
286,3031,Pro Flex Racing Ski Boots,General,2026-05-01,Monthly,23,88.08,1.0,Stable,23,Sales Velocity + Seasonal,30,,,system,2026-03-04 14:31:14
287,3031,Pro Flex Racing Ski Boots,General,2026-05-31,Monthly,22,88.08,1.0,Stable,23,Sales Velocity + Seasonal,30,,,system,2026-03-04 14:31:14
288,3032,Comfort Fit Recreational Boots,General,2026-04-01,Monthly,28,79.6,1.0,Stable,28,Sales Velocity + Seasonal,30,,,system,2026-03-04 14:31:14
289,3032,Comfort Fit Recreational Boots,General,2026-04-01,Weekly,6,78.69,1.0,Stable,28,Sales Velocity + Seasonal,7,,,system,2026-03-04 14:31:14
290,3032,Comfort Fit Recreational Boots,General,2026-04-08,Weekly,6,81.12,1.0,Stable,28,Sales Velocity + Seasonal,7,,,system,2026-03-04 14:31:14
291,3032,Comfort Fit Recreational Boots,General,2026-04-15,Weekly,6,76.07,1.0,Stable,28,Sales Velocity + Seasonal,7,,,system,2026-03-04 14:31:14
292,3032,Comfort Fit Recreational Boots,General,2026-04-22,Weekly,6,75.38,1.0,Stable,28,Sales Velocity + Seasonal,7,,,system,2026-03-04 14:31:14
293,3032,Comfort Fit Recreational Boots,General,2026-05-01,Monthly,28,79.6,1.0,Stable,28,Sales Velocity + Seasonal,30,,,system,2026-03-04 14:31:14
294,3032,Comfort Fit Recreational Boots,General,2026-05-31,Monthly,26,79.6,1.0,Stable,28,Sales Velocity + Seasonal,30,,,system,2026-03-04 14:31:14
295,3033,Women's Performance Ski Boots,General,2026-04-01,Monthly,23,80.36,1.0,Stable,23,Sales Velocity + Seasonal,30,,,system,2026-03-04 14:31:14
296,3033,Women's Performance Ski Boots,General,2026-04-01,Weekly,5,79.34,1.0,Stable,23,Sales Velocity + Seasonal,7,,,system,2026-03-04 14:31:14
297,3033,Women's Performance Ski Boots,General,2026-04-08,Weekly,5,75.93,1.0,Stable,23,Sales Velocity + Seasonal,7,,,system,2026-03-04 14:31:14
298,3033,Women's Performance Ski Boots,General,2026-04-15,Weekly,5,77.8,1.0,Stable,23,Sales Velocity + Seasonal,7,,,system,2026-03-04 14:31:14
299,3033,Women's Performance Ski Boots,General,2026-04-22,Weekly,5,84.87,1.0,Stable,23,Sales Velocity + Seasonal,7,,,system,2026-03-04 14:31:14
300,3033,Women's Performance Ski Boots,General,2026-05-01,Monthly,22,80.36,1.0,Stable,23,Sales Velocity + Seasonal,30,,,system,2026-03-04 14:31:14
301,3033,Women's Performance Ski Boots,General,2026-05-31,Monthly,22,80.36,1.0,Stable,23,Sales Velocity + Seasonal,30,,,system,2026-03-04 14:31:14
302,3041,Carbon Fiber Racing Poles - 120cm,General,2026-04-01,Monthly,14,94.51,1.0,Stable,14,Sales Velocity + Seasonal,30,,,system,2026-03-04 14:31:14
303,3041,Carbon Fiber Racing Poles - 120cm,General,2026-04-01,Weekly,3,95.94,1.0,Stable,14,Sales Velocity + Seasonal,7,,,system,2026-03-04 14:31:14
304,3041,Carbon Fiber Racing Poles - 120cm,General,2026-04-08,Weekly,3,92.99,1.0,Stable,14,Sales Velocity + Seasonal,7,,,system,2026-03-04 14:31:14
305,3041,Carbon Fiber Racing Poles - 120cm,General,2026-04-15,Weekly,3,92.87,1.0,Stable,14,Sales Velocity + Seasonal,7,,,system,2026-03-04 14:31:14
306,3041,Carbon Fiber Racing Poles - 120cm,General,2026-04-22,Weekly,3,89.53,1.0,Stable,14,Sales Velocity + Seasonal,7,,,system,2026-03-04 14:31:14
307,3041,Carbon Fiber Racing Poles - 120cm,General,2026-05-01,Monthly,14,94.51,1.0,Stable,14,Sales Velocity + Seasonal,30,,,system,2026-03-04 14:31:14
308,3041,Carbon Fiber Racing Poles - 120cm,General,2026-05-31,Monthly,14,94.51,1.0,Stable,14,Sales Velocity + Seasonal,30,,,system,2026-03-04 14:31:14
309,3042,Aluminum All-Mountain Poles - 115cm,General,2026-04-01,Monthly,11,80.8,1.0,Stable,11,Sales Velocity + Seasonal,30,,,system,2026-03-04 14:31:14
310,3042,Aluminum All-Mountain Poles - 115cm,General,2026-04-01,Weekly,2,81.08,1.0,Stable,11,Sales Velocity + Seasonal,7,,,system,2026-03-04 14:31:14
311,3042,Aluminum All-Mountain Poles - 115cm,General,2026-04-08,Weekly,2,77.51,1.0,Stable,11,Sales Velocity + Seasonal,7,,,system,2026-03-04 14:31:14
312,3042,Aluminum All-Mountain Poles - 115cm,General,2026-04-15,Weekly,2,79.35,1.0,Stable,11,Sales Velocity + Seasonal,7,,,system,2026-03-04 14:31:14
313,3042,Aluminum All-Mountain Poles - 115cm,General,2026-04-22,Weekly,2,83.43,1.0,Stable,11,Sales Velocity + Seasonal,7,,,system,2026-03-04 14:31:14
314,3042,Aluminum All-Mountain Poles - 115cm,General,2026-05-01,Monthly,10,80.8,1.0,Stable,11,Sales Velocity + Seasonal,30,,,system,2026-03-04 14:31:14
315,3042,Aluminum All-Mountain Poles - 115cm,General,2026-05-31,Monthly,11,80.8,1.0,Stable,11,Sales Velocity + Seasonal,30,,,system,2026-03-04 14:31:14
316,3051,Insulated Ski Jacket - Men's,General,2026-04-01,Monthly,23,78.16,1.0,Stable,24,Sales Velocity + Seasonal,30,,,system,2026-03-04 14:31:14
317,3051,Insulated Ski Jacket - Men's,General,2026-04-01,Weekly,5,80.94,1.0,Stable,24,Sales Velocity + Seasonal,7,,,system,2026-03-04 14:31:14
318,3051,Insulated Ski Jacket - Men's,General,2026-04-08,Weekly,5,80.7,1.0,Stable,24,Sales Velocity + Seasonal,7,,,system,2026-03-04 14:31:14
319,3051,Insulated Ski Jacket - Men's,General,2026-04-15,Weekly,5,74.83,1.0,Stable,24,Sales Velocity + Seasonal,7,,,system,2026-03-04 14:31:14
320,3051,Insulated Ski Jacket - Men's,General,2026-04-22,Weekly,5,77.56,1.0,Stable,24,Sales Velocity + Seasonal,7,,,system,2026-03-04 14:31:14
321,3051,Insulated Ski Jacket - Men's,General,2026-05-01,Monthly,24,78.16,1.0,Stable,24,Sales Velocity + Seasonal,30,,,system,2026-03-04 14:31:14
322,3051,Insulated Ski Jacket - Men's,General,2026-05-31,Monthly,25,78.16,1.0,Stable,24,Sales Velocity + Seasonal,30,,,system,2026-03-04 14:31:14
323,3052,Thermal Base Layer Set - Women's,General,2026-04-01,Monthly,17,75.23,1.0,Stable,17,Sales Velocity + Seasonal,30,,,system,2026-03-04 14:31:14
324,3052,Thermal Base Layer Set - Women's,General,2026-04-01,Weekly,3,78.12,1.0,Stable,17,Sales Velocity + Seasonal,7,,,system,2026-03-04 14:31:14
325,3052,Thermal Base Layer Set - Women's,General,2026-04-08,Weekly,3,73.33,1.0,Stable,17,Sales Velocity + Seasonal,7,,,system,2026-03-04 14:31:14
326,3052,Thermal Base Layer Set - Women's,General,2026-04-15,Weekly,3,79.46,1.0,Stable,17,Sales Velocity + Seasonal,7,,,system,2026-03-04 14:31:14
327,3052,Thermal Base Layer Set - Women's,General,2026-04-22,Weekly,3,77.01,1.0,Stable,17,Sales Velocity + Seasonal,7,,,system,2026-03-04 14:31:14
328,3052,Thermal Base Layer Set - Women's,General,2026-05-01,Monthly,16,75.23,1.0,Stable,17,Sales Velocity + Seasonal,30,,,system,2026-03-04 14:31:14
329,3052,Thermal Base Layer Set - Women's,General,2026-05-31,Monthly,16,75.23,1.0,Stable,17,Sales Velocity + Seasonal,30,,,system,2026-03-04 14:31:14
330,3053,Waterproof Ski Pants,General,2026-04-01,Monthly,23,84.24,1.0,Stable,24,Sales Velocity + Seasonal,30,,,system,2026-03-04 14:31:14
331,3053,Waterproof Ski Pants,General,2026-04-01,Weekly,5,88.06,1.0,Stable,24,Sales Velocity + Seasonal,7,,,system,2026-03-04 14:31:14
332,3053,Waterproof Ski Pants,General,2026-04-08,Weekly,5,80.96,1.0,Stable,24,Sales Velocity + Seasonal,7,,,system,2026-03-04 14:31:14
333,3053,Waterproof Ski Pants,General,2026-04-15,Weekly,5,79.37,1.0,Stable,24,Sales Velocity + Seasonal,7,,,system,2026-03-04 14:31:14
334,3053,Waterproof Ski Pants,General,2026-04-22,Weekly,5,88.08,1.0,Stable,24,Sales Velocity + Seasonal,7,,,system,2026-03-04 14:31:14
335,3053,Waterproof Ski Pants,General,2026-05-01,Monthly,24,84.24,1.0,Stable,24,Sales Velocity + Seasonal,30,,,system,2026-03-04 14:31:14
336,3053,Waterproof Ski Pants,General,2026-05-31,Monthly,23,84.24,1.0,Stable,24,Sales Velocity + Seasonal,30,,,system,2026-03-04 14:31:14
337,3061,Professional Ski Helmet,General,2026-04-01,Monthly,14,85.83,1.0,Stable,14,Sales Velocity + Seasonal,30,,,system,2026-03-04 14:31:14
338,3061,Professional Ski Helmet,General,2026-04-01,Weekly,3,84.04,1.0,Stable,14,Sales Velocity + Seasonal,7,,,system,2026-03-04 14:31:14
339,3061,Professional Ski Helmet,General,2026-04-08,Weekly,3,85.38,1.0,Stable,14,Sales Velocity + Seasonal,7,,,system,2026-03-04 14:31:14
340,3061,Professional Ski Helmet,General,2026-04-15,Weekly,3,84.25,1.0,Stable,14,Sales Velocity + Seasonal,7,,,system,2026-03-04 14:31:14
341,3061,Professional Ski Helmet,General,2026-04-22,Weekly,3,90.03,1.0,Stable,14,Sales Velocity + Seasonal,7,,,system,2026-03-04 14:31:14
342,3061,Professional Ski Helmet,General,2026-05-01,Monthly,13,85.83,1.0,Stable,14,Sales Velocity + Seasonal,30,,,system,2026-03-04 14:31:14
343,3061,Professional Ski Helmet,General,2026-05-31,Monthly,13,85.83,1.0,Stable,14,Sales Velocity + Seasonal,30,,,system,2026-03-04 14:31:14
344,3062,Anti-Fog Ski Goggles,General,2026-04-01,Monthly,8,89.54,1.0,Stable,9,Sales Velocity + Seasonal,30,,,system,2026-03-04 14:31:14
345,3062,Anti-Fog Ski Goggles,General,2026-04-01,Weekly,1,86.12,1.0,Stable,9,Sales Velocity + Seasonal,7,,,system,2026-03-04 14:31:14
346,3062,Anti-Fog Ski Goggles,General,2026-04-08,Weekly,1,92.14,1.0,Stable,9,Sales Velocity + Seasonal,7,,,system,2026-03-04 14:31:14
347,3062,Anti-Fog Ski Goggles,General,2026-04-15,Weekly,1,89.66,1.0,Stable,9,Sales Velocity + Seasonal,7,,,system,2026-03-04 14:31:14
348,3062,Anti-Fog Ski Goggles,General,2026-04-22,Weekly,1,94.14,1.0,Stable,9,Sales Velocity + Seasonal,7,,,system,2026-03-04 14:31:14
349,3062,Anti-Fog Ski Goggles,General,2026-05-01,Monthly,9,89.54,1.0,Stable,9,Sales Velocity + Seasonal,30,,,system,2026-03-04 14:31:14
350,3062,Anti-Fog Ski Goggles,General,2026-05-31,Monthly,9,89.54,1.0,Stable,9,Sales Velocity + Seasonal,30,,,system,2026-03-04 14:31:14
351,3071,Ski Boot Bag - Premium,General,2026-04-01,Monthly,3,81.97,1.0,Stable,4,Sales Velocity + Seasonal,30,,,system,2026-03-04 14:31:14
352,3071,Ski Boot Bag - Premium,General,2026-04-01,Weekly,1,84.15,1.0,Stable,4,Sales Velocity + Seasonal,7,,,system,2026-03-04 14:31:14
353,3071,Ski Boot Bag - Premium,General,2026-04-08,Weekly,1,84.45,1.0,Stable,4,Sales Velocity + Seasonal,7,,,system,2026-03-04 14:31:14
354,3071,Ski Boot Bag - Premium,General,2026-04-15,Weekly,1,81.45,1.0,Stable,4,Sales Velocity + Seasonal,7,,,system,2026-03-04 14:31:14
355,3071,Ski Boot Bag - Premium,General,2026-04-22,Weekly,1,81.41,1.0,Stable,4,Sales Velocity + Seasonal,7,,,system,2026-03-04 14:31:14
356,3071,Ski Boot Bag - Premium,General,2026-05-01,Monthly,4,81.97,1.0,Stable,4,Sales Velocity + Seasonal,30,,,system,2026-03-04 14:31:14
357,3071,Ski Boot Bag - Premium,General,2026-05-31,Monthly,4,81.97,1.0,Stable,4,Sales Velocity + Seasonal,30,,,system,2026-03-04 14:31:14
358,3072,Hand Warmers - 10 Pack,General,2026-04-01,Monthly,6,86.99,1.0,Stable,6,Sales Velocity + Seasonal,30,,,system,2026-03-04 14:31:14
359,3072,Hand Warmers - 10 Pack,General,2026-04-01,Weekly,1,85.37,1.0,Stable,6,Sales Velocity + Seasonal,7,,,system,2026-03-04 14:31:14
360,3072,Hand Warmers - 10 Pack,General,2026-04-08,Weekly,1,82.85,1.0,Stable,6,Sales Velocity + Seasonal,7,,,system,2026-03-04 14:31:14
361,3072,Hand Warmers - 10 Pack,General,2026-04-15,Weekly,1,87.66,1.0,Stable,6,Sales Velocity + Seasonal,7,,,system,2026-03-04 14:31:14
362,3072,Hand Warmers - 10 Pack,General,2026-04-22,Weekly,1,87.64,1.0,Stable,6,Sales Velocity + Seasonal,7,,,system,2026-03-04 14:31:14
363,3072,Hand Warmers - 10 Pack,General,2026-05-01,Monthly,6,86.99,1.0,Stable,6,Sales Velocity + Seasonal,30,,,system,2026-03-04 14:31:14
364,3072,Hand Warmers - 10 Pack,General,2026-05-31,Monthly,6,86.99,1.0,Stable,6,Sales Velocity + Seasonal,30,,,system,2026-03-04 14:31:14
365,3081,All-Temp Ski Wax Kit,General,2026-04-01,Monthly,11,86.61,1.0,Stable,11,Sales Velocity + Seasonal,30,,,system,2026-03-04 14:31:14
366,3081,All-Temp Ski Wax Kit,General,2026-04-01,Weekly,2,91.39,1.0,Stable,11,Sales Velocity + Seasonal,7,,,system,2026-03-04 14:31:14
367,3081,All-Temp Ski Wax Kit,General,2026-04-08,Weekly,2,87.68,1.0,Stable,11,Sales Velocity + Seasonal,7,,,system,2026-03-04 14:31:14
368,3081,All-Temp Ski Wax Kit,General,2026-04-15,Weekly,2,88.77,1.0,Stable,11,Sales Velocity + Seasonal,7,,,system,2026-03-04 14:31:14
369,3081,All-Temp Ski Wax Kit,General,2026-04-22,Weekly,2,82.71,1.0,Stable,11,Sales Velocity + Seasonal,7,,,system,2026-03-04 14:31:14
370,3081,All-Temp Ski Wax Kit,General,2026-05-01,Monthly,10,86.61,1.0,Stable,11,Sales Velocity + Seasonal,30,,,system,2026-03-04 14:31:14
371,3081,All-Temp Ski Wax Kit,General,2026-05-31,Monthly,11,86.61,1.0,Stable,11,Sales Velocity + Seasonal,30,,,system,2026-03-04 14:31:14
372,3082,Edge Tuning Tool Set,General,2026-04-01,Monthly,12,76.0,1.0,Stable,13,Sales Velocity + Seasonal,30,,,system,2026-03-04 14:31:14
373,3082,Edge Tuning Tool Set,General,2026-04-01,Weekly,2,77.93,1.0,Stable,13,Sales Velocity + Seasonal,7,,,system,2026-03-04 14:31:14
374,3082,Edge Tuning Tool Set,General,2026-04-08,Weekly,2,76.13,1.0,Stable,13,Sales Velocity + Seasonal,7,,,system,2026-03-04 14:31:14
375,3082,Edge Tuning Tool Set,General,2026-04-15,Weekly,2,80.38,1.0,Stable,13,Sales Velocity + Seasonal,7,,,system,2026-03-04 14:31:14
376,3082,Edge Tuning Tool Set,General,2026-04-22,Weekly,2,71.14,1.0,Stable,13,Sales Velocity + Seasonal,7,,,system,2026-03-04 14:31:14
377,3082,Edge Tuning Tool Set,General,2026-05-01,Monthly,12,76.0,1.0,Stable,13,Sales Velocity + Seasonal,30,,,system,2026-03-04 14:31:14
378,3082,Edge Tuning Tool Set,General,2026-05-31,Monthly,12,76.0,1.0,Stable,13,Sales Velocity + Seasonal,30,,,system,2026-03-04 14:31:14
379,3091,Freestyle Snowboard - 155cm,General,2026-04-01,Monthly,9,75.14,1.0,Stable,10,Sales Velocity + Seasonal,30,,,system,2026-03-04 14:31:14
380,3091,Freestyle Snowboard - 155cm,General,2026-04-01,Weekly,2,74.03,1.0,Stable,10,Sales Velocity + Seasonal,7,,,system,2026-03-04 14:31:14
381,3091,Freestyle Snowboard - 155cm,General,2026-04-08,Weekly,2,79.12,1.0,Stable,10,Sales Velocity + Seasonal,7,,,system,2026-03-04 14:31:14
382,3091,Freestyle Snowboard - 155cm,General,2026-04-15,Weekly,2,78.47,1.0,Stable,10,Sales Velocity + Seasonal,7,,,system,2026-03-04 14:31:14
383,3091,Freestyle Snowboard - 155cm,General,2026-04-22,Weekly,2,74.89,1.0,Stable,10,Sales Velocity + Seasonal,7,,,system,2026-03-04 14:31:14
384,3091,Freestyle Snowboard - 155cm,General,2026-05-01,Monthly,10,75.14,1.0,Stable,10,Sales Velocity + Seasonal,30,,,system,2026-03-04 14:31:14
385,3091,Freestyle Snowboard - 155cm,General,2026-05-31,Monthly,9,75.14,1.0,Stable,10,Sales Velocity + Seasonal,30,,,system,2026-03-04 14:31:14
386,3092,All-Mountain Snowboard - 158cm,General,2026-04-01,Monthly,6,80.29,1.0,Stable,7,Sales Velocity + Seasonal,30,,,system,2026-03-04 14:31:14
387,3092,All-Mountain Snowboard - 158cm,General,2026-04-01,Weekly,1,78.87,1.0,Stable,7,Sales Velocity + Seasonal,7,,,system,2026-03-04 14:31:14
388,3092,All-Mountain Snowboard - 158cm,General,2026-04-08,Weekly,1,80.53,1.0,Stable,7,Sales Velocity + Seasonal,7,,,system,2026-03-04 14:31:14
389,3092,All-Mountain Snowboard - 158cm,General,2026-04-15,Weekly,1,77.95,1.0,Stable,7,Sales Velocity + Seasonal,7,,,system,2026-03-04 14:31:14
390,3092,All-Mountain Snowboard - 158cm,General,2026-04-22,Weekly,1,84.6,1.0,Stable,7,Sales Velocity + Seasonal,7,,,system,2026-03-04 14:31:14
391,3092,All-Mountain Snowboard - 158cm,General,2026-05-01,Monthly,6,80.29,1.0,Stable,7,Sales Velocity + Seasonal,30,,,system,2026-03-04 14:31:14
392,3092,All-Mountain Snowboard - 158cm,General,2026-05-31,Monthly,6,80.29,1.0,Stable,7,Sales Velocity + Seasonal,30,,,system,2026-03-04 14:31:14
393,3101,Winter Boots - Insulated,General,2026-04-01,Monthly,4,87.18,1.0,Stable,5,Sales Velocity + Seasonal,30,,,system,2026-03-04 14:31:14
394,3101,Winter Boots - Insulated,General,2026-04-01,Weekly,1,85.2,1.0,Stable,5,Sales Velocity + Seasonal,7,,,system,2026-03-04 14:31:14
395,3101,Winter Boots - Insulated,General,2026-04-08,Weekly,1,88.32,1.0,Stable,5,Sales Velocity + Seasonal,7,,,system,2026-03-04 14:31:14
396,3101,Winter Boots - Insulated,General,2026-04-15,Weekly,1,84.98,1.0,Stable,5,Sales Velocity + Seasonal,7,,,system,2026-03-04 14:31:14
397,3101,Winter Boots - Insulated,General,2026-04-22,Weekly,1,83.9,1.0,Stable,5,Sales Velocity + Seasonal,7,,,system,2026-03-04 14:31:14
398,3101,Winter Boots - Insulated,General,2026-05-01,Monthly,5,87.18,1.0,Stable,5,Sales Velocity + Seasonal,30,,,system,2026-03-04 14:31:14
399,3101,Winter Boots - Insulated,General,2026-05-31,Monthly,5,87.18,1.0,Stable,5,Sales Velocity + Seasonal,30,,,system,2026-03-04 14:31:14
400,3102,Winter Hiking Boots - Waterproof,General,2026-04-01,Monthly,7,81.72,1.0,Stable,8,Sales Velocity + Seasonal,30,,,system,2026-03-04 14:31:14
401,3102,Winter Hiking Boots - Waterproof,General,2026-04-01,Weekly,1,83.48,1.0,Stable,8,Sales Velocity + Seasonal,7,,,system,2026-03-04 14:31:14
402,3102,Winter Hiking Boots - Waterproof,General,2026-04-08,Weekly,1,81.96,1.0,Stable,8,Sales Velocity + Seasonal,7,,,system,2026-03-04 14:31:14
403,3102,Winter Hiking Boots - Waterproof,General,2026-04-15,Weekly,1,81.63,1.0,Stable,8,Sales Velocity + Seasonal,7,,,system,2026-03-04 14:31:14
404,3102,Winter Hiking Boots - Waterproof,General,2026-04-22,Weekly,1,83.83,1.0,Stable,8,Sales Velocity + Seasonal,7,,,system,2026-03-04 14:31:14
405,3102,Winter Hiking Boots - Waterproof,General,2026-05-01,Monthly,8,81.72,1.0,Stable,8,Sales Velocity + Seasonal,30,,,system,2026-03-04 14:31:14
406,3102,Winter Hiking Boots - Waterproof,General,2026-05-31,Monthly,7,81.72,1.0,Stable,8,Sales Velocity + Seasonal,30,,,system,2026-03-04 14:31:14
407,3103,Snowboard Bindings - Pro,General,2026-04-01,Monthly,10,86.46,1.0,Stable,10,Sales Velocity + Seasonal,30,,,system,2026-03-04 14:31:14
408,3103,Snowboard Bindings - Pro,General,2026-04-01,Weekly,2,81.75,1.0,Stable,10,Sales Velocity + Seasonal,7,,,system,2026-03-04 14:31:14
409,3103,Snowboard Bindings - Pro,General,2026-04-08,Weekly,2,85.49,1.0,Stable,10,Sales Velocity + Seasonal,7,,,system,2026-03-04 14:31:14
410,3103,Snowboard Bindings - Pro,General,2026-04-15,Weekly,2,89.51,1.0,Stable,10,Sales Velocity + Seasonal,7,,,system,2026-03-04 14:31:14
411,3103,Snowboard Bindings - Pro,General,2026-04-22,Weekly,2,90.16,1.0,Stable,10,Sales Velocity + Seasonal,7,,,system,2026-03-04 14:31:14
412,3103,Snowboard Bindings - Pro,General,2026-05-01,Monthly,10,86.46,1.0,Stable,10,Sales Velocity + Seasonal,30,,,system,2026-03-04 14:31:14
413,3103,Snowboard Bindings - Pro,General,2026-05-31,Monthly,9,86.46,1.0,Stable,10,Sales Velocity + Seasonal,30,,,system,2026-03-04 14:31:14
414,3104,Ski Tuning Bench - Portable,General,2026-04-01,Monthly,20,93.0,1.0,Stable,22,Sales Velocity + Seasonal,30,,,system,2026-03-04 14:31:14
415,3104,Ski Tuning Bench - Portable,General,2026-04-01,Weekly,4,88.66,1.0,Stable,22,Sales Velocity + Seasonal,7,,,system,2026-03-04 14:31:14
416,3104,Ski Tuning Bench - Portable,General,2026-04-08,Weekly,4,90.55,1.0,Stable,22,Sales Velocity + Seasonal,7,,,system,2026-03-04 14:31:14
417,3104,Ski Tuning Bench - Portable,General,2026-04-15,Weekly,4,96.0,1.0,Stable,22,Sales Velocity + Seasonal,7,,,system,2026-03-04 14:31:14
418,3104,Ski Tuning Bench - Portable,General,2026-04-22,Weekly,4,90.89,1.0,Stable,22,Sales Velocity + Seasonal,7,,,system,2026-03-04 14:31:14
419,3104,Ski Tuning Bench - Portable,General,2026-05-01,Monthly,21,93.0,1.0,Stable,22,Sales Velocity + Seasonal,30,,,system,2026-03-04 14:31:14
420,3104,Ski Tuning Bench - Portable,General,2026-05-31,Monthly,21,93.0,1.0,Stable,22,Sales Velocity + Seasonal,30,,,system,2026-03-04 14:31:14
